{"objects":[{"idx":"EnableAimbot","type":"Toggle","Timestamp":1743089629.6159099,"value":false},{"idx":"TeamCheckToggle","type":"Toggle","Timestamp":1743089629.6175695,"value":false},{"idx":"SmoothnessCheckbox","type":"Toggle","Timestamp":1743089629.618617,"value":false},{"idx":"EnablePrediction","type":"Toggle","Timestamp":1743089629.619742,"value":false},{"idx":"StickyAimCheckbox","type":"Toggle","Timestamp":1743089629.6207965,"value":false},{"idx":"Keybind","type":"Keybind","key":null,"mode":"Toggle","Timestamp":1743089629.6219335},{"idx":"AimPartDropDown","type":"Dropdown","mutli":false,"value":"Head","Timestamp":1743089629.6231209},{"idx":"ShowFovCheckbox","type":"Toggle","Timestamp":1743089629.6280547,"value":false},{"idx":"FovSizeSlider","type":"Slider","Timestamp":1743089629.6293529,"value":250},{"idx":"SmoothnessSlider","type":"Slider","Timestamp":1743089629.632706,"value":0},{"idx":"PredictionStrengthXSlider","type":"Slider","Timestamp":1743089629.634338,"value":0},{"idx":"PredictionStrengthYSlider","type":"Slider","Timestamp":1743089629.6361035,"value":0},{"idx":"EnableVisuals","type":"Toggle","Timestamp":1743089629.959751,"value":true},{"idx":"EnableTeamcheck","type":"Toggle","Timestamp":1743089629.9610062,"value":true},{"idx":"RenderDistance","type":"Slider","Timestamp":1743089629.9622339,"value":2000},{"idx":"EnableBoxes","type":"Toggle","Timestamp":1743089629.9641445,"value":true},{"idx":"BoxColorPicker","type":"Colorpicker","value":"1300ff","Timestamp":1743089629.9657405,"transparency":0},{"idx":"EnableBoxOutline","type":"Toggle","Timestamp":1743089629.9668184,"value":true},{"idx":"BoxOutlineColorPicker","type":"Colorpicker","value":"000000","Timestamp":1743089629.96817,"transparency":0},{"idx":"EnableBoxFilled","type":"Toggle","Timestamp":1743089629.969684,"value":true},{"idx":"BoxFilledColorPicker","type":"Colorpicker","value":"1300ff","Timestamp":1743089629.9711912,"transparency":0},{"idx":"BoxFilledTransparency","type":"Slider","Timestamp":1743089629.9724966,"value":0.15},{"idx":"EnableNames","type":"Toggle","Timestamp":1743089629.974428,"value":true},{"idx":"NameColorPicker","type":"Colorpicker","value":"ffffff","Timestamp":1743089629.975991,"transparency":0},{"idx":"EnableNameOutline","type":"Toggle","Timestamp":1743089629.977693,"value":false},{"idx":"NameOutlineColorPicker","type":"Colorpicker","value":"000000","Timestamp":1743089629.9802109,"transparency":0},{"idx":"EnableHealth","type":"Toggle","Timestamp":1743089629.982502,"value":true},{"idx":"HealthColorPicker","type":"Colorpicker","value":"00ff00","Timestamp":1743089629.9853345,"transparency":0},{"idx":"HealthLowColorPicker","type":"Colorpicker","value":"ff0000","Timestamp":1743089629.988401,"transparency":0},{"idx":"EnableHealthOutline","type":"Toggle","Timestamp":1743089629.9910503,"value":false},{"idx":"HealthOutlineColorPicker","type":"Colorpicker","value":"000000","Timestamp":1743089629.9931668,"transparency":0},{"idx":"EnableHealthText","type":"Toggle","Timestamp":1743089629.995287,"value":true},{"idx":"EnableHealthTextOutline","type":"Toggle","Timestamp":1743089629.9973152,"value":false},{"idx":"World_Skybox","type":"Dropdown","mutli":false,"value":"Among Us","Timestamp":1743089630.1845573},{"idx":"NightModeToggle","type":"Toggle","Timestamp":1743089630.204543,"value":false},{"idx":"ResChanger","type":"Toggle","Timestamp":1743089630.2067085,"value":true},{"idx":"ResChangerValue","type":"Slider","Timestamp":1743089630.208903,"value":0.7},{"idx":"ViewModelToggle","type":"Toggle","Timestamp":1743089630.2117136,"value":false},{"idx":"Colorpicker","type":"Colorpicker","value":"1300ff","Timestamp":1743089630.2138513,"transparency":0},{"idx":"MaterialPicker","type":"Dropdown","mutli":false,"value":"None","Timestamp":1743089630.2160214},{"idx":"TeleportBehindEnemyToggle","type":"Toggle","Timestamp":1743089630.2293947,"value":false},{"idx":"SetTeleportDistance","type":"Slider","Timestamp":1743089630.23107,"value":5},{"idx":"Fly","type":"Toggle","Timestamp":1743089630.2327333,"value":false},{"idx":"FlySpeed","type":"Slider","Timestamp":1743089630.2345494,"value":16},{"idx":"WalkSpeed","type":"Toggle","Timestamp":1743089630.2362514,"value":false},{"idx":"SetWalkSpeed","type":"Slider","Timestamp":1743089630.238274,"value":16},{"idx":"InfiniteJump","type":"Toggle","Timestamp":1743089630.2399524,"value":false},{"idx":"Noclip","type":"Toggle","Timestamp":1743089630.2415634,"value":false},{"idx":"SpoofDevice","type":"Toggle","Timestamp":1743089630.260417,"value":false},{"idx":"DeviceSpoofer","type":"Dropdown","mutli":false,"value":"Keyboard","Timestamp":1743089630.2625063},{"idx":"Enabled","type":"Toggle","Timestamp":1743089630.2729183,"value":true},{"idx":"Volume","type":"Slider","Timestamp":1743089630.2762287,"value":5},{"idx":"HitSound","type":"Dropdown","mutli":false,"value":"Neverlose","Timestamp":1743089630.2797957},{"idx":"NormalWeapons","type":"Dropdown","mutli":false,"value":"None","Timestamp":1743089630.315593},{"idx":"Skin","type":"Dropdown","mutli":false,"value":"PlaceHolder","Timestamp":1743089630.440862},{"idx":"enablecrosshair","type":"Toggle","Timestamp":1743089630.4652026,"value":false},{"idx":"swastika","type":"Toggle","Timestamp":1743089630.467792,"value":false},{"idx":"rotation","type":"Toggle","Timestamp":1743089630.4697619,"value":false},{"idx":"rotationspeed1","type":"Slider","Timestamp":1743089630.4717868,"value":3},{"idx":"Thickness","type":"Slider","Timestamp":1743089630.4739745,"value":3},{"idx":"crosshairColor1","type":"Colorpicker","value":"ff0000","Timestamp":1743089630.4761258,"transparency":0},{"idx":"crosshairRainbowToggle","type":"Toggle","Timestamp":1743089630.477807,"value":false},{"idx":"trashtalk","type":"Toggle","Timestamp":1743089630.4804185,"value":true},{"idx":"Enable Chat Spammer","type":"Toggle","Timestamp":1743089630.4837647,"value":false},{"idx":"Delay","type":"Slider","Timestamp":1743089630.4862779,"value":10},{"idx":"Messages","type":"Input","Timestamp":1743089630.4889456,"text":"ZYPHERION ON TOP"},{"idx":"Watermark","type":"Toggle","Timestamp":1743089631.5429219,"value":true}]}